<?xml version="1.0" encoding="UTF-8" standalone="yes"?>
<app version="1">
  <name>Wii U NoSSL Patcher</name>
  <coder>Randm/Pretendo Team</coder>
  <url>none</url>
  <version>v1.1</version>
  <release_date>20210511083111</release_date>
  <short_description>Bypass HTTPS!</short_description> 
  <long_description>This application will apply a temporary NoSSL patch. This app is intended as a risk-free way to MiTM the console, capture game packets, modify requests sent to the server, etc...
  Make sure your internet settings are configured *BEFORE* running this.
  If you want to MiTM, make sure your proxy is set up properly
  Forked from https://github.com/PretendoNetwork/Nimble. Shoutouts to them, Give them the credit. I just modified the source code for Nintendo servers, recompiled it and thats IT!
  </long_description> 
  <category>tool</category> 
</app>
